{"PcDnDhgyNIvGY5/UkEcgcg==":"img-20200621-wa0008-1040x780.jpeg","8wgb6ZDv1XpdhRuzUbZwfg==":"img-20200621-wa0003-1040x780.jpeg","t3rmUARCv2xYKyvc0BJWfQ==":"img-20200621-wa0012-1600x1200.jpeg","UAc7kepzJPkrSn4uqTRvmw==":"background4.jpg","/PxyxnAEUAKYJDrcW/yjgQ==":"img-20200621-wa0008-256x192.jpg","sNcLCg/JC/imTv3+HacitQ==":"logo-180x113.png","KpT9KMYAm6xeFOwb1uFanw==":"img-20200621-wa0010-676x507.jpg","5S+ZzAAJqacALmgtaQ9qfA==":"img-20200621-wa0008-676x507.jpg","rkVLMBRHwhQblM4OEjRInw==":"img-20200621-wa0002-676x507.jpg","eLbPz1MCA+Fdw8O7Vcxr5Q==":"img-20200621-wa0007-650x488.jpg","hqdKwn5QcQ6iT002saayJQ==":"img-20200621-wa0002-1040x780.jpg","AQo2T0l1RQE1N7oF833/SA==":"img-20200621-wa0004-1014x761.jpg","lY/K/oUZUjH0ZCOAoK1Xbg==":"img-20200621-wa0004-1014x761.jpeg","gdpe4Pb/zLMuxYsUVDfhAA==":"img-20200621-wa0010-856x642.jpg","Vpm+X8fdIRFSUM4D6nypRQ==":"capture-192x120.png","RDcm9hdeAtkwW5vuN1I03g==":"logo2-200x125.png","jy9MvTnQQx8TeHSUja0/lQ==":"logo2-192x120.png","slF0Wzzc/iUbi3fscd9dbg==":"logo3-271x170.png","PCgXhdsjAhY78bM6I3Zo6Q==":"logo4-271x170.png","/yVZY48tFlt+3mlBLucyfw==":"teste-271x170.jpg","NfN6Lsubm7JUuRZR0liqHA==":"logo5-271x170.png","0+i0L/RgWVWW689yNfk3Lg==":"capture-271x170.png","BVkWkrvscAj4WzRtk39iOQ==":"img-20200621-wa0003-1040x780.jpg","7ciPPjX7IXCTnRS6xfQRaQ==":"img-20200621-wa0003-1-1040x780.jpeg","NiDSMJUuk1ioXgCrrgH0wg==":"img-20200621-wa0008-1040x780.jpg","4PygpBIjsYnGOh0xPhlctw==":"img-20200621-wa0008-510x383.jpg","pa5Dkwo/T1qgW/t0h+fQvA==":"background5.jpg"}